{"BNBUSDT": 0.9642857142857143, "XTZUSDT": 0.5, "SHIBUSDT": 1.0, "LINKUSDT": 0.9948979591836735, "STETHUSDT": 1.0, "BTCUSDT": 0.7959183673469388, "ETHUSDT": 0.6020408163265306, "XRPUSDT": 0.7959183673469388, "DOTUSDT": 1.0, "MANAUSDT": 1.0, "USDCUSDT": 0.7040816326530612, "ATOMUSDT": 1.0, "GALAUSDT": 0.9948979591836735, "ARBUSDT": 0.25, "EOSUSDT": 0.9948979591836735, "DOGEUSDT": 0.9846938775510204, "ADAUSDT": 0.7295918367346939, "SOLUSDT": 0.9336734693877551, "HNTUSDT": 1.0, "TRXUSDT": 0.9489795918367347, "BABYDOGEUSDT": 0.9897959183673469, "MNTUSDT": 0.9387755102040817, "UNIUSDT": 1.0, "LTCUSDT": 0.9897959183673469, "CHZUSDT": 0.9948979591836735, "DYDXUSDT": 1.0, "LUNCUSDT": 1.0, "USTCUSDT": 1.0, "EOS3SUSDT": 1.0, "AVAXUSDT": 1.0, "LUNAUSDT": 0.9795918367346939, "SUIUSDT": 0.9795918367346939, "PEPE2USDT": 1.0, "METHUSDT": 0.9948979591836735, "XECUSDT": 1.0, "BBSOLUSDT": 0.9897959183673469, "MOGUSDT": 1.0, "USDTBUSDT": 0.9948979591836735, "PUMPBTCUSDT": 1.0, "NVDAXUSDT": 1.0, "MAVIAUSDT": 0.7857142857142857, "BOBAUSDT": 0.8571428571428571, "PEOPLEUSDT": 0.8622448979591837, "LOOKSUSDT": 0.8826530612244898, "BERAUSDT": 0.9846938775510204, "HUSDT": 0.9532710280373832, "AEROUSDT": 0.9132653061224489, "FLOWUSDT": 0.8418367346938775, "KAVAUSDT": 0.9132653061224489, "BATUSDT": 0.8928571428571429, "POPCATUSDT": 0.9132653061224489, "BLASTUSDT": 0.8469387755102041, "PUFFERUSDT": 0.923469387755102, "A8USDT": 0.8469387755102041, "AAVEUSDT": 0.9336734693877551, "AEVOUSDT": 0.9081632653061225, "AGIUSDT": 0.8622448979591837, "AGLDUSDT": 0.9489795918367347, "AIOZUSDT": 0.8673469387755102, "ALTUSDT": 0.8622448979591837, "ANKRUSDT": 0.8979591836734694, "ARKMUSDT": 0.9183673469387755, "ARUSDT": 0.8877551020408163, "ASTERUSDT": 0.95, "ATHUSDT": 0.9387755102040817, "AVAILUSDT": 0.9336734693877551, "AVNTUSDT": 0.9857142857142858, "BBUSDT": 0.9183673469387755, "BCHUSDT": 0.9387755102040817, "BDXNUSDT": 1.0, "BEAMUSDT": 0.8775510204081632, "BELUSDT": 0.9591836734693877, "BLURUSDT": 0.8724489795918368, "BRETTUSDT": 0.9387755102040817, "BRUSDT": 0.7653061224489796, "C98USDT": 0.9387755102040817, "CAKEUSDT": 0.8673469387755102, "CAMPUSDT": 0.9846153846153847, "CATIUSDT": 0.8469387755102041, "CLOUDUSDT": 0.8826530612244898, "CRVUSDT": 0.9132653061224489, "DAIUSDT": 0.8673469387755102, "DEEPUSDT": 0.8469387755102041, "DEGENUSDT": 0.9081632653061225, "DGBUSDT": 0.9438775510204082, "DOGSUSDT": 0.9081632653061225, "DOLOUSDT": 1.0, "DOODUSDT": 1.0, "DOP1USDT": 0.5555555555555556, "DRIFTUSDT": 0.9183673469387755, "DYMUSDT": 0.9081632653061225, "ENAUSDT": 0.9183673469387755, "ENJUSDT": 0.9030612244897959, "ENSUSDT": 0.9081632653061225, "EPTUSDT": 0.9948979591836735, "ERAUSDT": 1.0, "ETHFIUSDT": 0.9081632653061225, "FHEUSDT": 1.0, "FILUSDT": 0.8571428571428571, "FLOCKUSDT": 1.0, "FLRUSDT": 0.9132653061224489, "GLMRUSDT": 0.9642857142857143, "GODSUSDT": 0.9642857142857143, "GPSUSDT": 1.0, "GRTUSDT": 0.9336734693877551, "HAEDALUSDT": 0.9897959183673469, "HBARUSDT": 0.8367346938775511, "HFTUSDT": 0.9030612244897959, "HMSTRUSDT": 0.8469387755102041, "HOLOUSDT": 1.0, "HOOKUSDT": 0.8316326530612245, "HYPERUSDT": 0.9948979591836735, "HYPEUSDT": 0.9846938775510204, "ICPUSDT": 0.8316326530612245, "IDUSDT": 0.9183673469387755, "INJUSDT": 0.8571428571428571, "IOUSDT": 0.9591836734693877, "JSTUSDT": 0.9081632653061225, "JTOUSDT": 0.8571428571428571, "JUPUSDT": 0.9030612244897959, "JUSDT": 1.0, "KAIAUSDT": 1.0, "KASUSDT": 0.9336734693877551, "KDAUSDT": 0.9030612244897959, "KSMUSDT": 0.9438775510204082, "KUSDT": 1.0, "L3USDT": 0.8571428571428571, "LAUSDT": 1.0, "LINEAUSDT": 0.9910714285714286, "LRCUSDT": 0.9285714285714286, "MAGICUSDT": 0.9030612244897959, "MANTAUSDT": 0.8775510204081632, "MASAUSDT": 0.8979591836734694, "MASKUSDT": 0.9030612244897959, "MBOXUSDT": 0.9030612244897959, "MEMEUSDT": 0.8571428571428571, "MERLUSDT": 0.923469387755102, "MEWUSDT": 0.8775510204081632, "MILKUSDT": 0.9948979591836735, "MOCAUSDT": 0.9591836734693877, "MOVRUSDT": 0.9081632653061225, "MYRIAUSDT": 0.8928571428571429, "NXPCUSDT": 0.9897959183673469, "OBOLUSDT": 0.9948979591836735, "OMUSDT": 0.8520408163265306, "ONDOUSDT": 0.9132653061224489, "ORDIUSDT": 0.8724489795918368, "PENDLEUSDT": 0.9183673469387755, "PERPUSDT": 0.9642857142857143, "PLUMEUSDT": 1.0, "PONKEUSDT": 0.8877551020408163, "PORTALUSDT": 0.9438775510204082, "PRCLUSDT": 0.8724489795918368, "PRIMEUSDT": 0.9336734693877551, "PROVEUSDT": 0.9948979591836735, "PYTHUSDT": 0.9183673469387755, "RDNTUSDT": 0.8571428571428571, "REDUSDT": 0.9846938775510204, "RENDERUSDT": 0.9081632653061225, "ROAMUSDT": 1.0, "ROSEUSDT": 0.8979591836734694, "SAHARAUSDT": 1.0, "SAROSUSDT": 1.0, "SCAUSDT": 0.9591836734693877, "SKYUSDT": 0.9795918367346939, "SLPUSDT": 0.923469387755102, "SNXUSDT": 0.8877551020408163, "SOMIUSDT": 0.25}