{"AGIUSDT": 0.8928571428571429, "AGLDUSDT": 0.923469387755102, "AIOZUSDT": 0.8673469387755102, "ALTUSDT": 0.9132653061224489, "ANKRUSDT": 0.9030612244897959, "ARKMUSDT": 0.8928571428571429, "ARUSDT": 0.9285714285714286, "ASTERUSDT": 1.0, "ATHUSDT": 0.9693877551020408, "AVAILUSDT": 0.9336734693877551, "AVNTUSDT": 0.9893617021276596, "BABYDOGEUSDT": 0.9795918367346939, "BATUSDT": 0.8979591836734694, "BBSOLUSDT": 0.9948979591836735, "BBUSDT": 0.9387755102040817, "BCHUSDT": 0.9183673469387755, "BDXNUSDT": 1.0, "BEAMUSDT": 0.9183673469387755, "BELUSDT": 0.9591836734693877, "BERAUSDT": 0.9693877551020408, "BLASTUSDT": 0.8520408163265306, "BLURUSDT": 0.8724489795918368, "BNBUSDT": 0.9846938775510204, "BOBAUSDT": 0.8979591836734694, "BRETTUSDT": 0.9081632653061225, "BRUSDT": 0.6938775510204082, "BTCUSDT": 0.7755102040816326, "C98USDT": 0.923469387755102, "CAKEUSDT": 0.8826530612244898, "CAMPUSDT": 0.987012987012987, "CATIUSDT": 0.8724489795918368, "CLOUDUSDT": 0.9030612244897959, "CRVUSDT": 0.8979591836734694, "DAIUSDT": 0.8673469387755102, "DEEPUSDT": 0.8877551020408163, "DEGENUSDT": 0.8673469387755102, "DGBUSDT": 0.9285714285714286, "DOGEUSDT": 0.9489795918367347, "DOGSUSDT": 0.9132653061224489, "DOLOUSDT": 1.0, "DOODUSDT": 1.0, "DOP1USDT": 0.5555555555555556, "DOTUSDT": 0.9948979591836735, "DRIFTUSDT": 0.9438775510204082, "DYMUSDT": 0.9183673469387755, "ENAUSDT": 0.9540816326530612, "ENJUSDT": 0.9336734693877551, "ENSUSDT": 0.9081632653061225, "EPTUSDT": 0.9948979591836735, "ERAUSDT": 1.0, "ETHFIUSDT": 0.923469387755102, "ETHUSDT": 0.6530612244897959, "FHEUSDT": 0.9948979591836735, "FILUSDT": 0.9030612244897959, "FLOCKUSDT": 0.9948979591836735, "FLOWUSDT": 0.8673469387755102, "FLRUSDT": 0.9030612244897959, "FLUIDUSDT": 1.0, "GALAUSDT": 1.0, "GLMRUSDT": 0.9438775510204082, "GOATUSDT": 0.9948979591836735, "GODSUSDT": 0.9591836734693877, "GPSUSDT": 1.0, "GRTUSDT": 0.9336734693877551, "HAEDALUSDT": 0.9948979591836735, "HBARUSDT": 0.8724489795918368, "HFTUSDT": 0.923469387755102, "HMSTRUSDT": 0.8316326530612245, "HNTUSDT": 0.9948979591836735, "HOLOUSDT": 1.0, "HOOKUSDT": 0.8979591836734694, "HYPERUSDT": 0.9897959183673469, "HYPEUSDT": 0.9795918367346939, "ICPUSDT": 0.8877551020408163, "IDUSDT": 0.9642857142857143, "INJUSDT": 0.8622448979591837, "IOUSDT": 0.9438775510204082, "JSTUSDT": 0.9183673469387755, "JTOUSDT": 0.8622448979591837, "JUPUSDT": 0.9030612244897959, "JUSDT": 0.9948979591836735, "KAIAUSDT": 1.0, "KASUSDT": 0.9183673469387755, "KAVAUSDT": 0.9540816326530612, "KDAUSDT": 0.9336734693877551, "KSMUSDT": 0.9285714285714286, "KUSDT": 1.0, "L3USDT": 0.923469387755102, "LAUSDT": 1.0, "LINEAUSDT": 1.0, "LINKUSDT": 0.9846938775510204, "LOOKSUSDT": 0.8928571428571429, "LRCUSDT": 0.9438775510204082, "MAGICUSDT": 0.9387755102040817, "MANTAUSDT": 0.8928571428571429, "MASAUSDT": 0.9081632653061225, "MASKUSDT": 0.9183673469387755, "MAVIAUSDT": 0.8061224489795918, "MBOXUSDT": 0.923469387755102, "MEMEUSDT": 0.8724489795918368, "MERLUSDT": 0.9183673469387755, "MEWUSDT": 0.9183673469387755, "MILKUSDT": 1.0, "MNTUSDT": 0.9183673469387755, "MOCAUSDT": 0.9336734693877551, "MOVRUSDT": 0.9336734693877551, "MYRIAUSDT": 0.8826530612244898, "NXPCUSDT": 0.9897959183673469, "OBOLUSDT": 1.0, "OMUSDT": 0.8928571428571429, "ONDOUSDT": 0.9081632653061225, "ORDIUSDT": 0.8877551020408163, "PENDLEUSDT": 0.8928571428571429, "PEOPLEUSDT": 0.9081632653061225, "PERPUSDT": 0.9336734693877551, "PLUMEUSDT": 1.0, "PONKEUSDT": 0.9183673469387755, "POPCATUSDT": 0.9030612244897959, "PORTALUSDT": 0.9387755102040817, "PRCLUSDT": 0.9132653061224489, "PRIMEUSDT": 0.9285714285714286, "PROVEUSDT": 0.9948979591836735, "PUFFERUSDT": 0.9081632653061225, "PYTHUSDT": 0.9336734693877551, "RDNTUSDT": 0.8418367346938775, "REDUSDT": 0.9948979591836735, "RENDERUSDT": 0.9336734693877551, "ROAMUSDT": 1.0, "ROSEUSDT": 0.8877551020408163, "SAHARAUSDT": 1.0, "SAROSUSDT": 1.0, "SCAUSDT": 0.9642857142857143, "SHIBUSDT": 1.0, "SKYUSDT": 0.9846938775510204, "SOLUSDT": 0.9540816326530612, "SOMIUSDT": 0.25, "STETHUSDT": 1.0, "TONUSDT": 1.0, "TRXUSDT": 0.8724489795918368, "USDCUSDT": 0.7193877551020408, "XRPUSDT": 0.7806122448979592, "A8USDT": 0.8571428571428571, "AAVEUSDT": 0.8775510204081632, "AEROUSDT": 0.9285714285714286, "AEVOUSDT": 0.9081632653061225}