{"A8USDT": 0.8469387755102041, "AAVEUSDT": 0.9132653061224489, "AEROUSDT": 0.9030612244897959, "AEVOUSDT": 0.9132653061224489, "AGIUSDT": 0.9132653061224489, "AGLDUSDT": 0.9693877551020408, "AIOZUSDT": 0.9030612244897959, "ALTUSDT": 0.9183673469387755, "ANKRUSDT": 0.8979591836734694, "ARKMUSDT": 0.9030612244897959, "ARUSDT": 0.9030612244897959, "ASTERUSDT": 0.9375, "ATHUSDT": 0.9642857142857143, "AVAILUSDT": 0.9387755102040817, "AVNTUSDT": 1.0, "BABYDOGEUSDT": 0.9948979591836735, "BATUSDT": 0.9030612244897959, "BBSOLUSDT": 0.9948979591836735, "BBUSDT": 0.923469387755102, "BCHUSDT": 0.9183673469387755, "BDXNUSDT": 1.0, "BEAMUSDT": 0.8724489795918368, "BELUSDT": 0.9846938775510204, "BERAUSDT": 0.9948979591836735, "BLASTUSDT": 0.8163265306122449, "BLURUSDT": 0.8724489795918368, "BNBUSDT": 1.0, "BOBAUSDT": 0.8673469387755102, "BRETTUSDT": 0.9336734693877551, "BRUSDT": 0.6836734693877551, "BTCUSDT": 0.6887755102040817, "C98USDT": 0.9438775510204082, "CAKEUSDT": 0.8928571428571429, "CAMPUSDT": 0.9942528735632183, "CATIUSDT": 0.8826530612244898, "CLOUDUSDT": 0.923469387755102, "CRVUSDT": 0.8979591836734694, "DAIUSDT": 0.8673469387755102, "DEEPUSDT": 0.8979591836734694, "DEGENUSDT": 0.8826530612244898, "DGBUSDT": 0.923469387755102, "DOGEUSDT": 0.9642857142857143, "DOGSUSDT": 0.9132653061224489, "DOLOUSDT": 0.9948979591836735, "DOODUSDT": 0.9948979591836735, "DOP1USDT": 0.5555555555555556, "DOTUSDT": 1.0, "DRIFTUSDT": 0.9387755102040817, "DYMUSDT": 0.9081632653061225, "ENAUSDT": 0.9387755102040817, "ENJUSDT": 0.9438775510204082, "ENSUSDT": 0.9132653061224489, "EPTUSDT": 0.9948979591836735, "ERAUSDT": 1.0, "ETHFIUSDT": 0.9489795918367347, "ETHUSDT": 0.7295918367346939, "FFUSDT": 0.65, "FHEUSDT": 1.0, "FILUSDT": 0.8979591836734694, "FLOCKUSDT": 0.9897959183673469, "FLOWUSDT": 0.8622448979591837, "FLRUSDT": 0.9285714285714286, "FLUIDUSDT": 0.9772727272727273, "GALAUSDT": 1.0, "GLMRUSDT": 0.9591836734693877, "GOATUSDT": 1.0, "GODSUSDT": 0.9540816326530612, "GPSUSDT": 0.9948979591836735, "GRTUSDT": 0.9285714285714286, "HAEDALUSDT": 0.9948979591836735, "HBARUSDT": 0.8571428571428571, "HFTUSDT": 0.8979591836734694, "HMSTRUSDT": 0.8979591836734694, "HNTUSDT": 1.0, "HOLOUSDT": 0.9906542056074766, "HOOKUSDT": 0.8877551020408163, "HYPERUSDT": 0.9948979591836735, "HYPEUSDT": 0.9795918367346939, "ICPUSDT": 0.8775510204081632, "IDUSDT": 0.9591836734693877, "INJUSDT": 0.8877551020408163, "IOUSDT": 0.9489795918367347, "JSTUSDT": 0.9336734693877551, "JTOUSDT": 0.8571428571428571, "JUPUSDT": 0.9030612244897959, "JUSDT": 1.0, "KAIAUSDT": 1.0, "KASUSDT": 0.923469387755102, "KAVAUSDT": 0.9387755102040817, "KDAUSDT": 0.923469387755102, "KSMUSDT": 0.9336734693877551, "KUSDT": 0.9948979591836735, "L3USDT": 0.9336734693877551, "LAUSDT": 1.0, "LINEAUSDT": 1.0, "LINKUSDT": 0.9948979591836735, "LOOKSUSDT": 0.9030612244897959, "LRCUSDT": 0.9438775510204082, "MAGICUSDT": 0.9285714285714286, "MANTAUSDT": 0.9285714285714286, "MASAUSDT": 0.9132653061224489, "MASKUSDT": 0.9081632653061225, "MAVIAUSDT": 0.7704081632653061, "MBOXUSDT": 0.9438775510204082, "MEMEUSDT": 0.9030612244897959, "MERLUSDT": 0.9336734693877551, "MEWUSDT": 0.923469387755102, "MILKUSDT": 1.0, "MNTUSDT": 0.9183673469387755, "MOCAUSDT": 0.9744897959183674, "MOVRUSDT": 0.9132653061224489, "MYRIAUSDT": 0.8877551020408163, "NXPCUSDT": 0.9948979591836735, "OBOLUSDT": 0.9948979591836735, "OMUSDT": 0.8724489795918368, "ONDOUSDT": 0.9183673469387755, "ORDIUSDT": 0.8775510204081632, "PENDLEUSDT": 0.9183673469387755, "PEOPLEUSDT": 0.8928571428571429, "PERPUSDT": 0.9540816326530612, "PLUMEUSDT": 1.0, "PONKEUSDT": 0.9183673469387755, "POPCATUSDT": 0.923469387755102, "PORTALUSDT": 0.9642857142857143, "PRCLUSDT": 0.9183673469387755, "PRIMEUSDT": 0.9285714285714286, "PROVEUSDT": 1.0, "PUFFERUSDT": 0.9030612244897959, "PYTHUSDT": 0.9132653061224489, "RDNTUSDT": 0.8724489795918368, "REDUSDT": 1.0, "RENDERUSDT": 0.9489795918367347, "RLUSDUSDT": 1.0, "ROAMUSDT": 1.0, "ROSEUSDT": 0.8775510204081632, "SAHARAUSDT": 1.0, "SAROSUSDT": 1.0, "SCAUSDT": 0.9693877551020408, "SHIBUSDT": 1.0, "SOLUSDT": 0.9489795918367347, "SOMIUSDT": 0.25, "STETHUSDT": 1.0, "TONUSDT": 1.0, "TRXUSDT": 0.8010204081632653, "USDCUSDT": 0.7091836734693877, "XRPUSDT": 0.7959183673469388, "2ZUSDT": 0.8333333333333334, "NOMUSDT": 1.0, "EOSUSDT": 1.0, "SUIUSDT": 1.0, "CELOUSDT": 1.0}