{"A8USDT": 0.9081632653061225, "AAVEUSDT": 0.9285714285714286, "AEROUSDT": 0.923469387755102, "AEVOUSDT": 0.9387755102040817, "AGIUSDT": 0.9132653061224489, "AGLDUSDT": 0.9591836734693877, "AIOZUSDT": 0.9081632653061225, "ALTUSDT": 0.9438775510204082, "ANKRUSDT": 0.9387755102040817, "ARKMUSDT": 0.9336734693877551, "ARUSDT": 0.9438775510204082, "ASTERUSDT": 0.9285714285714286, "ATHUSDT": 0.9591836734693877, "AVAILUSDT": 0.9438775510204082, "AVNTUSDT": 0.9947089947089947, "BABYDOGEUSDT": 0.9948979591836735, "BATUSDT": 0.9183673469387755, "BBSOLUSDT": 0.9795918367346939, "BBUSDT": 0.9285714285714286, "BCHUSDT": 0.9489795918367347, "BDXNUSDT": 1.0, "BEAMUSDT": 0.9387755102040817, "BELUSDT": 0.9795918367346939, "BERAUSDT": 0.9897959183673469, "BLASTUSDT": 0.8724489795918368, "BLURUSDT": 0.8877551020408163, "BNBUSDT": 1.0, "BOBAUSDT": 0.9438775510204082, "BRETTUSDT": 0.9132653061224489, "BRUSDT": 0.7244897959183674, "BTCUSDT": 0.7551020408163265, "C98USDT": 0.9693877551020408, "CAKEUSDT": 0.9081632653061225, "CAMPUSDT": 0.9948979591836735, "CATIUSDT": 0.923469387755102, "CLOUDUSDT": 0.9285714285714286, "CRVUSDT": 0.9285714285714286, "DAIUSDT": 0.8673469387755102, "DEEPUSDT": 0.8979591836734694, "DEGENUSDT": 0.9132653061224489, "DGBUSDT": 0.9744897959183674, "DOGEUSDT": 0.9489795918367347, "DOGSUSDT": 0.9336734693877551, "DOLOUSDT": 0.9948979591836735, "DOODUSDT": 0.9897959183673469, "DOP1USDT": 0.5555555555555556, "DOTUSDT": 1.0, "DRIFTUSDT": 0.9183673469387755, "DYMUSDT": 0.9336734693877551, "ENAUSDT": 0.9489795918367347, "ENJUSDT": 0.9285714285714286, "ENSUSDT": 0.9489795918367347, "EPTUSDT": 0.9948979591836735, "ERAUSDT": 0.9948979591836735, "ETHFIUSDT": 0.9336734693877551, "ETHUSDT": 0.673469387755102, "FFUSDT": 0.8854166666666666, "FHEUSDT": 1.0, "FILUSDT": 0.9030612244897959, "FLOCKUSDT": 1.0, "FLOWUSDT": 0.8877551020408163, "FLRUSDT": 0.923469387755102, "FLUIDUSDT": 1.0, "GALAUSDT": 1.0, "GLMRUSDT": 0.9591836734693877, "GOATUSDT": 1.0, "GODSUSDT": 0.9336734693877551, "GPSUSDT": 1.0, "GRTUSDT": 0.9438775510204082, "HAEDALUSDT": 1.0, "HBARUSDT": 0.8775510204081632, "HFTUSDT": 0.9183673469387755, "HMSTRUSDT": 0.8877551020408163, "HNTUSDT": 1.0, "HOLOUSDT": 1.0, "HOOKUSDT": 0.9081632653061225, "HYPERUSDT": 0.9795918367346939, "HYPEUSDT": 0.9744897959183674, "ICPUSDT": 0.8775510204081632, "IDUSDT": 0.9336734693877551, "INJUSDT": 0.9132653061224489, "IOUSDT": 0.9846938775510204, "JSTUSDT": 0.9540816326530612, "JTOUSDT": 0.8928571428571429, "JUPUSDT": 0.923469387755102, "JUSDT": 1.0, "KAIAUSDT": 0.9948979591836735, "KASUSDT": 0.9591836734693877, "KAVAUSDT": 0.9540816326530612, "KDAUSDT": 0.9489795918367347, "KSMUSDT": 0.9591836734693877, "KUSDT": 1.0, "L3USDT": 0.9438775510204082, "LAUSDT": 0.9948979591836735, "LINEAUSDT": 1.0, "LINKUSDT": 1.0, "LOOKSUSDT": 0.9489795918367347, "LRCUSDT": 0.9387755102040817, "MAGICUSDT": 0.9285714285714286, "MANTAUSDT": 0.9132653061224489, "MASAUSDT": 0.9387755102040817, "MASKUSDT": 0.923469387755102, "MAVIAUSDT": 0.9030612244897959, "MBOXUSDT": 0.9489795918367347, "MEMEUSDT": 0.8979591836734694, "MERLUSDT": 0.9846938775510204, "MEWUSDT": 0.9183673469387755, "MILKUSDT": 0.9948979591836735, "MNTUSDT": 0.9489795918367347, "MOCAUSDT": 0.9693877551020408, "MOVRUSDT": 0.9336734693877551, "MYRIAUSDT": 0.8877551020408163, "NXPCUSDT": 0.9948979591836735, "OBOLUSDT": 0.9948979591836735, "OMUSDT": 0.9132653061224489, "ONDOUSDT": 0.9387755102040817, "ORDIUSDT": 0.8775510204081632, "PENDLEUSDT": 0.8928571428571429, "PEOPLEUSDT": 0.923469387755102, "PERPUSDT": 0.9744897959183674, "PLUMEUSDT": 0.9897959183673469, "PONKEUSDT": 0.9540816326530612, "POPCATUSDT": 0.9642857142857143, "PORTALUSDT": 0.9591836734693877, "PRCLUSDT": 0.923469387755102, "PRIMEUSDT": 0.9285714285714286, "PROVEUSDT": 0.9948979591836735, "PUFFERUSDT": 0.9540816326530612, "PYTHUSDT": 0.9540816326530612, "RDNTUSDT": 0.923469387755102, "REDUSDT": 1.0, "RENDERUSDT": 0.9387755102040817, "RLUSDUSDT": 1.0, "ROAMUSDT": 0.9948979591836735, "ROSEUSDT": 0.8775510204081632, "SAHARAUSDT": 0.9948979591836735, "SAROSUSDT": 1.0, "SCAUSDT": 0.9642857142857143, "SHIBUSDT": 1.0, "SOLUSDT": 0.9642857142857143, "SOMIUSDT": 0.25, "STETHUSDT": 1.0, "TONUSDT": 1.0, "TRXUSDT": 0.6581632653061225, "USDCUSDT": 0.6275510204081632, "XRPUSDT": 0.8520408163265306, "2ZUSDT": 0.975609756097561, "NOMUSDT": 0.9659090909090909, "EOSUSDT": 1.0, "SUIUSDT": 1.0, "CELOUSDT": 0.9897959183673469, "EOS3SUSDT": 1.0, "0GUSDT": 0.9514563106796117, "ALCHUSDT": 1.0, "AVLUSDT": 1.0, "BARDUSDT": 1.0, "BMTUSDT": 1.0, "CHILLGUYUSDT": 0.9948979591836735, "CPOOLUSDT": 1.0, "DBRUSDT": 1.0, "KMNOUSDT": 0.9948979591836735, "MONUSDT": 0.8, "SKYUSDT": 1.0, "SLPUSDT": 0.9540816326530612, "ENSOUSDT": 0.9545454545454546, "RECALLUSDT": 0.9473684210526315, "ATOMUSDT": 0.9948979591836735, "QNTUSDT": 1.0, "SNXUSDT": 0.8826530612244898}