{"A8USDT": 0.8724489795918368, "AAVEUSDT": 0.9132653061224489, "AEROUSDT": 0.9183673469387755, "AEVOUSDT": 0.923469387755102, "AGIUSDT": 0.9132653061224489, "AGLDUSDT": 0.9336734693877551, "AIOZUSDT": 0.8520408163265306, "ALTUSDT": 0.9081632653061225, "ANKRUSDT": 0.9183673469387755, "ARKMUSDT": 0.8877551020408163, "ARUSDT": 0.923469387755102, "ASTERUSDT": 0.9743589743589743, "ATHUSDT": 0.9489795918367347, "AVAILUSDT": 0.9438775510204082, "AVNTUSDT": 1.0, "BABYDOGEUSDT": 0.9846938775510204, "BATUSDT": 0.9081632653061225, "BBSOLUSDT": 0.9897959183673469, "BBUSDT": 0.9387755102040817, "BCHUSDT": 0.9030612244897959, "BDXNUSDT": 0.9948979591836735, "BEAMUSDT": 0.8979591836734694, "BELUSDT": 0.9744897959183674, "BERAUSDT": 0.9948979591836735, "BLASTUSDT": 0.8163265306122449, "BLURUSDT": 0.8673469387755102, "BNBUSDT": 0.9846938775510204, "BOBAUSDT": 0.8826530612244898, "BRETTUSDT": 0.9183673469387755, "BRUSDT": 0.7091836734693877, "BTCUSDT": 0.7602040816326531, "C98USDT": 0.9387755102040817, "CAKEUSDT": 0.8775510204081632, "CAMPUSDT": 0.9932885906040269, "CATIUSDT": 0.8877551020408163, "CLOUDUSDT": 0.9132653061224489, "CRVUSDT": 0.9081632653061225, "DAIUSDT": 0.8673469387755102, "DEEPUSDT": 0.8775510204081632, "DEGENUSDT": 0.9081632653061225, "DGBUSDT": 0.9285714285714286, "DOGEUSDT": 0.9540816326530612, "DOGSUSDT": 0.8928571428571429, "DOLOUSDT": 0.9948979591836735, "DOODUSDT": 1.0, "DOP1USDT": 0.5555555555555556, "DOTUSDT": 1.0, "DRIFTUSDT": 0.923469387755102, "DYMUSDT": 0.9081632653061225, "ENAUSDT": 0.9132653061224489, "ENJUSDT": 0.923469387755102, "ENSUSDT": 0.9591836734693877, "EPTUSDT": 1.0, "ERAUSDT": 1.0, "ETHFIUSDT": 0.9336734693877551, "ETHUSDT": 0.6530612244897959, "FHEUSDT": 1.0, "FILUSDT": 0.9489795918367347, "FLOCKUSDT": 1.0, "FLOWUSDT": 0.8979591836734694, "FLRUSDT": 0.9489795918367347, "FLUIDUSDT": 1.0, "GALAUSDT": 1.0, "GLMRUSDT": 0.9438775510204082, "GOATUSDT": 1.0, "GODSUSDT": 0.9285714285714286, "GPSUSDT": 1.0, "GRTUSDT": 0.923469387755102, "HAEDALUSDT": 0.9897959183673469, "HBARUSDT": 0.8010204081632653, "HFTUSDT": 0.9081632653061225, "HMSTRUSDT": 0.8673469387755102, "HNTUSDT": 0.9948979591836735, "HOLOUSDT": 1.0, "HOOKUSDT": 0.8673469387755102, "HYPERUSDT": 0.9948979591836735, "HYPEUSDT": 0.9795918367346939, "ICPUSDT": 0.8775510204081632, "IDUSDT": 0.9693877551020408, "INJUSDT": 0.8418367346938775, "IOUSDT": 0.9489795918367347, "JSTUSDT": 0.9030612244897959, "JTOUSDT": 0.8928571428571429, "JUPUSDT": 0.8928571428571429, "JUSDT": 1.0, "KAIAUSDT": 0.9948979591836735, "KASUSDT": 0.9285714285714286, "KAVAUSDT": 0.9336734693877551, "KDAUSDT": 0.9285714285714286, "KSMUSDT": 0.9438775510204082, "KUSDT": 0.9897959183673469, "L3USDT": 0.9336734693877551, "LAUSDT": 1.0, "LINEAUSDT": 0.9923076923076923, "LINKUSDT": 0.9897959183673469, "LOOKSUSDT": 0.8979591836734694, "LRCUSDT": 0.9540816326530612, "MAGICUSDT": 0.9285714285714286, "MANTAUSDT": 0.9132653061224489, "MASAUSDT": 0.9285714285714286, "MASKUSDT": 0.9081632653061225, "MAVIAUSDT": 0.7653061224489796, "MBOXUSDT": 0.9489795918367347, "MEMEUSDT": 0.8877551020408163, "MERLUSDT": 0.9081632653061225, "MEWUSDT": 0.9132653061224489, "MILKUSDT": 0.9897959183673469, "MNTUSDT": 0.9489795918367347, "MOCAUSDT": 0.923469387755102, "MOVRUSDT": 0.9132653061224489, "MYRIAUSDT": 0.8622448979591837, "NXPCUSDT": 0.9846938775510204, "OBOLUSDT": 0.9897959183673469, "OMUSDT": 0.9081632653061225, "ONDOUSDT": 0.8979591836734694, "ORDIUSDT": 0.8622448979591837, "PENDLEUSDT": 0.9183673469387755, "PEOPLEUSDT": 0.8877551020408163, "PERPUSDT": 0.9438775510204082, "PLUMEUSDT": 1.0, "PONKEUSDT": 0.9030612244897959, "POPCATUSDT": 0.9081632653061225, "PORTALUSDT": 0.9489795918367347, "PRCLUSDT": 0.9030612244897959, "PRIMEUSDT": 0.9285714285714286, "PROVEUSDT": 1.0, "PUFFERUSDT": 0.8724489795918368, "PYTHUSDT": 0.9132653061224489, "RDNTUSDT": 0.8673469387755102, "REDUSDT": 0.9948979591836735, "RENDERUSDT": 0.9336734693877551, "ROAMUSDT": 1.0, "ROSEUSDT": 0.8928571428571429, "SAHARAUSDT": 1.0, "SAROSUSDT": 1.0, "SCAUSDT": 0.9591836734693877, "SHIBUSDT": 1.0, "SKYUSDT": 0.9591836734693877, "SLPUSDT": 0.9132653061224489, "SOLUSDT": 0.9591836734693877, "SOMIUSDT": 0.25, "STETHUSDT": 1.0, "TONUSDT": 1.0, "TRXUSDT": 0.8775510204081632, "USDCUSDT": 0.6938775510204082, "XRPUSDT": 0.7551020408163265}